<?xml version = "1.0"?>

<!DOCTYPE AfterRide_TRevision [
    <!ELEMENT AfterRide_TRevision (Carrera)*>
    
    <!ELEMENT Carrera (Punto)>
    <!ATTLIST Carrera codigo CDATA #REQUIRED>
    <!ATTLIST Carrera nombre CDATA #REQUIRED>
    <!ATTLIST Carrera pais CDATA #REQUIRED>
    <!ATTLIST Carrera categoria CDATA #REQUIRED>
    <!ATTLIST Carrera periodicidad CDATA #REQUIRED>

    <!ELEMENT Punto (Segmento)>
    <!ATTLIST Punto orden CDATA #REQUIRED>
    <!ATTLIST Punto nombre CDATA #REQUIRED>
    <!ATTLIST Punto tipo CDATA #REQUIRED>
    <!ATTLIST Punto distancia CDATA #REQUIRED>
    <!ATTLIST Punto tiempoLimite CDATA #REQUIRED>

    <!ELEMENT Segmento (Registro)>
    <!ATTLIST Segmento nombre CDATA #REQUIRED>
    <!ATTLIST Segmento tipo CDATA #REQUIRED>
    <!ATTLIST Segmento idSegmento CDATA #REQUIRED>

    <!ELEMENT Registro (ComentarioRevision)>
    <!ATTLIST Registro numero CDATA #REQUIRED>
    <!ATTLIST Registro fecha CDATA #REQUIRED>
    <!ATTLIST Registro tiempo CDATA #REQUIRED>
    <!ATTLIST Registro posicion CDATA #REQUIRED>
    <!ATTLIST Registro revision CDATA #REQUIRED>
    <!ATTLIST Registro dificultad CDATA #REQUIRED>
    <!ATTLIST Registro foto CDATA #REQUIRED>
    <!ATTLIST Registro comentario CDATA #REQUIRED>
]>

<AfterRide_TRevision>

    <Carrera codigo = "1" pais = "BRAZIL" categoria = "2" periodicidad = "6">
        <Punto orden = "17" nombre = "Extrem" tipo = "P"
            distancia = "6.32" tiempoLimite = "650">
            <Segmento nombre = "Skerino" tipo = "L" idSegmento = "1">
                <Registro numero = "1" fecha = "02/08/2019" tiempo = "650" posicion = "215" 
                          revision = "Secciones duras del segmento" dificultad = "A" 
                          foto = "www.j.pdf">
                    <ComentarioRevision> Este Segmento hace parte de las secciones duras de la carrera. Este comenzando en el kilometro 10 y terminando en el kilometro 16.32,
                                         ademas en este segmento de carrera los ciclistas tienen una velocidad promedio de 5 km/h. La velocidad minima para el recorrido es de
                                         2 km/h y la velocidad maxima de 6 km/h. Se tienen en promedio pulsaciones de 120 y potencias en promedio de 40. </ComentarioRevision>
                </Registro>
            </Segmento>
        </Punto>
    </Carrera>

    <Carrera codigo = "2" nombre = "Extrem" pais = "EEUU" categoria = "5" periodicidad = "2">
        <Punto orden = "25" nombre = "Amateur" tipo = "V"
            distancia = "3.35" tiempoLimite = "30">
            <Segmento tipo = "C" idSegmento = "2">
                <Registro numero = "2" fecha = "30/10/2019" tiempo = "65" posicion = "2" 
                          revision = "Secciones de descenso" dificultad = "B" 
                          foto = "www.holi.gif" comentario = "Exceso">
                    <ComentarioRevision> En este Segmento de la carrera se nos presentan las secciones de descenso de la carrera. Este comenzando en el kilometo 5 y terminando en
                                         el kilometro 8.35, tambien se tienen velocidades promedio de los ciclistas de 10 km/h. La velocidad minima es de 5.5 km/h. La velocidad maxima
                                         del recorrido es de 12 km/h. Y por ultimo se tienen pulsaciones promedio de 180 y potencias promedio de 62. </ComentarioRevision>
                </Registro>
            </Segmento>
        </Punto>
    </Carrera>

    <Carrera codigo = "3" nombre = "Amateur" pais = "COLOMBIA" categoria = "4" periodicidad = "7">
        <Punto orden = "17" nombre = "Extrem" tipo = "C"
            distancia = "2.91" tiempoLimite = "120">
            <Segmento nombre = "Holo" tipo = "M" idSegmento = "3">
                <Registro numero = "3" tiempo = "135" posicion = "18" 
                          revision = "Secciones faciles del segmento" 
                          foto = "www.s.pdf" dificultad = "M" comentario = "Malardo">
                </Registro>
            </Segmento>
        </Punto>
    </Carrera>

</AfterRide_TRevision>